{"cvec": [[2.5084209097976333, -1.44735704293864, -0.9971722942002024]], "intercept": [-14.784071391877807]}