{"cvec": [[0.29117475228983614, -0.1683900255590707, -0.0349870448326265]], "intercept": [-22.01316447641569]}