{"cvec": [[-0.05496212791680658, 0.20833558104024916, -0.18209756010510494]], "intercept": [-5.897729390305623]}