{"cvec": [[-0.10996679831652958, 0.5645372229977194, -0.45477451268281394]], "intercept": [-8.482203270169183]}